<?xml version="1.0" encoding="utf-8"?>
<odoo>
    <data noupdate="1">

        <!--        Record rules for company-->
        <record id="music_school_rule_multi_company" model="ir.rule">
            <field name="name">Students Attendance multi-company</field>
            <field name="model_id" ref="model_students_attendance" />
            <field eval="True" name="global" />
            <field name="domain_force">['|', ('company_id', 'in', company_ids),
                ('company_id', '=', False)]
            </field>
        </record>
        <record id="class_type_rule_multi_company" model="ir.rule">
            <field name="name">Class Type multi-company</field>
            <field name="model_id" ref="model_class_type" />
            <field eval="True" name="global" />
            <field name="domain_force">['|', ('company_id', 'in', company_ids),
                ('company_id', '=', False)]
            </field>
        </record>
        
    </data>
</odoo>