<?xml version="1.0" encoding="utf-8"?>
<odoo>
    <data noupdate="1">
        <!--    Created category for Music School-->
        <record id="module_category_music_school"
                model="ir.module.category">
            <field name="name">Music School</field>
            <field name="sequence">0</field>
            <field name="visible" eval="0"/>
        </record>
        <record id="group_music_school" model="res.groups">
            <field name="name">School Manager</field>
            <field name="category_id" ref="module_category_music_school"/>
        </record>

    </data>
</odoo>
